source_paper,gene,transcript,cdna_hgvs,protein_change,variant_type,clinical_significance,label,chr,pos,ref,alt,track,exclusion_reason,rule_prediction,hybrid_b_proba,xgb_only_proba,protein_consequence_uncertain,ClinPred_score,MetaRNN_score,REVEL_score,MetaSVM_score,MetaLR_score,VEST4_score,AlphaMissense_score,PrimateAI_score,CADD_raw,CADD_phred,ESM1b_score,BayesDel_noAF_score,Eigen_raw_coding,notes
Zhunussova 2023 (Oncotarget),BRCA1,NM_007294.4,c.2T>C,p.Met1?,Start-loss,Pathogenic,1.0,17,43124095.0,A,G,LOF (rule-based),,1.0,,,False,,,,,,,,,,,,,,Resolved via dbNSFP MANE-Select match; protein consequence p.Met1? confirmed exactly
Zhunussova 2023 (Oncotarget),BRCA1,NM_007294.4,c.181T>G,p.Cys61Gly,Missense,Pathogenic,1.0,17,43106487.0,A,C,Missense (ML),,,0.9968254068432729,0.99999714,False,0.983885645866394,0.99176705,0.948,0.9506,0.9929,0.973,0.9904,0.648884236813,4.174515,24.5,14.6500780583292,0.565018,0.838128507262834,Resolved via dbNSFP MANE-Select match; protein consequence confirmed exactly; ALSO independently confirmed -- this is the exact same coordinate as Samigatova 2026's own row for this variant (chr17-43106487-A-C)
Samigatova 2026 (Sci Reports),BRCA1,NM_007294.4,c.181T>G,p.Cys61Gly,Missense,Likely pathogenic,1.0,17,43106487.0,A,C,Missense (ML),,,0.9968254068432729,0.99999714,False,0.983885645866394,0.99176705,0.948,0.9506,0.9929,0.973,0.9904,0.648884236813,4.174515,24.5,14.6500780583292,0.565018,0.838128507262834,Table 3; hg38 coordinate + transcript provided in paper
Zhunussova 2023 (Oncotarget),BRCA1,NM_007294.4,c.2498delT,p.Leu833Trpfs*13,Frameshift,Pathogenic,1.0,17,43093032.0,CA,C,LOF (rule-based),,1.0,,,False,,,,,,,,,,,,,,Resolved via VariantValidator (NM_007294.4:c.2498del); protein consequence p.(Leu833Trpfs*13) confirmed exactly
Samigatova 2026 (Sci Reports),BRCA2,NM_000059.4,c.631G>A,p.Val211Ile,Missense,Likely pathogenic,1.0,13,32326613.0,G,A,Missense (ML),,,0.9947805832957632,0.99317884,False,0.915197193622589,0.3411823,0.185,-0.8325,0.0050,0.297,0.1318,0.444724351168,4.633611,26.0,3.622623443603516,-0.132866,0.230903663960652,Table 3; hg38 coordinate + transcript provided in paper
Akilzhanova 2013 (CAJGH),BRCA1,NM_007294.4,c.254A>G,p.Glu85Gly (dbNSFP) vs paper's N85S,Missense,"Likely benign (neutral polymorphism, >30% freq)",0.0,17,43104915.0,T,C,Missense (ML),,,,,True,0.378878057003021,0.37336752,0.619,0.3719,0.7644,0.437,0.2901,0.524019777775,3.646616,23.1,,0.100922,0.0964212977633411,"MISMATCH: dbNSFP gives coordinate chr17-43104915-T-C for c.254A>G but computes protein consequence p.Glu85Gly, not the paper's p.Asn85Ser -- same residue number (85) but a different resulting amino acid. Coordinate provided for reference only; do not treat as confirmed."
Zhunussova 2023 (Oncotarget),BRCA1,NM_007294.4,c.5138-1G>C,(splice acceptor),Splice-site,Pathogenic,1.0,,,,,Excluded,No resolvable hg38 coordinate,,,,,,,,,,,,,,,,,,VariantValidator returned ExonBoundaryError: 'Position c.5138-1 does not correspond with an exon boundary for transcript NM_007294.4'. Needs manual check -- possibly a transcript-version or intron-numbering mismatch in the source paper. Do not use until resolved.
Zhunussova 2023 (Oncotarget),BRCA1,NM_007294.4,c.5161C>T,p.Gln1721Ter,Nonsense,Pathogenic,1.0,17,43063365.0,G,A,LOF (rule-based),,1.0,,,False,,,,,,,,,,,,,,Resolved via dbNSFP MANE-Select match; protein consequence p.Gln1721Ter confirmed exactly
Akilzhanova 2013 (CAJGH),BRCA1,NM_007294.4,c.1067A>G,Q356R,Missense,VUS,,17,43094464.0,T,C,Missense (ML),,,0.11635498245246687,8.982312e-05,False,0.0333951044569466,0.0026477277,0.417,-0.8452,0.0737,0.356,0.1088,0.268265664577,2.646790,19.63,3.444969594478607,0.0460098,0.0249960476479889,Resolved via dbNSFP MANE-Select match; protein consequence p.Gln356Arg confirmed exactly
Akilzhanova 2013 (CAJGH),BRCA1,NM_007294.4,c.2612C>T,P871L,Missense,"Likely benign (neutral polymorphism, >30% freq)",0.0,17,43092919.0,G,A,Missense (ML),,,0.11629326088185117,0.0008809734,False,0.00253183524367824,9.915395e-07,0.140,-0.9367,0.0000,0.309,0.0424,0.416683584452,1.947402,16.51,2.41742826646878,-0.402747,-1.04511808985481,Resolved via dbNSFP MANE-Select match; protein consequence p.Pro871Leu confirmed exactly
Zhunussova 2023 (Oncotarget),BRCA1,NM_007294.4,c.5266dupC,p.Gln1756Profs*74,Frameshift,Pathogenic,1.0,17,43057062.0,T,TG,LOF (rule-based),,1.0,,,False,,,,,,,,,,,,,,Resolved via VariantValidator (NM_007294.4:c.5266dup); protein consequence p.(Gln1756ProfsTer74) confirmed exactly
Akilzhanova 2013 (CAJGH),BRCA1,NM_007294.4,c.3113A>G,E1038G,Missense,"Likely benign (neutral polymorphism, >30% freq)",0.0,17,43092418.0,T,C,Missense (ML),,,0.1157252589834424,0.00017079264,False,0.0305527641605041,0.0002296269,0.227,-1.0940,0.0000,0.282,0.0988,0.281187832355,2.072004,17.09,4.773613049596372,-0.307134,-0.492050820535624,Resolved via dbNSFP MANE-Select match; protein consequence p.Glu1038Gly confirmed exactly
Zhunussova 2023 (Oncotarget),BRCA1,NM_007294.4,c.5278-2del,(splice acceptor),Splice-site,Pathogenic,1.0,17,43051118.0,CT,C,LOF (rule-based),,1.0,,,False,,,,,,,,,,,,,,"Resolved via VariantValidator (NM_007294.4:c.5278-2del); protein consequence reported as p.? (uncertain), consistent with an intronic splice-acceptor variant -- expected, not an error"
Zhunussova 2023 (Oncotarget),BRCA1,NM_007294.4,c.5467+1G>A,(splice donor),Splice-site,Pathogenic,1.0,17,43047642.0,C,T,LOF (rule-based),,1.0,,,False,,,,,,,,,,,,,,"Resolved via dbNSFP MANE-Select match (position confirmed; dbNSFP has no protein prediction for this splice-donor variant, as expected)"
Akilzhanova 2013 (CAJGH),BRCA2,NM_000059.4,c.865A>C,N289H,Missense,VUS,,13,32332343.0,A,C,Missense (ML),,,0.11692913253076144,8.477732e-05,False,0.0103844190896822,0.0015439987,0.086,-0.8732,0.0002,0.116,0.0927,0.269711941481,1.875044,16.16,4.388262718915939,-0.419659,-0.450286735921037,Resolved via dbNSFP MANE-Select match; protein consequence p.Asn289His confirmed exactly
Zhunussova 2023 (Oncotarget),BRCA2,NM_000059.4,c.2442delC,p.Met815Profs*35,Frameshift,Pathogenic,1.0,13,32336794.0,TC,T,LOF (rule-based),,1.0,,,True,,,,,,,,,,,,,,MISMATCH: VariantValidator (NM_000059.4:c.2442del) gives coordinate chr13-32336794-TC-T but computes protein consequence p.(Met815Trpfs*10) -- disagrees with the paper's reported p.Met815Profs*35 (different substituted residue AND different frameshift length). Coordinate provided for reference only; verify against original paper/Figure 3 before using as ground truth.
Akilzhanova 2013 (CAJGH),BRCA2,NM_000059.4,c.2350A>G,M784V,Missense,VUS,,13,32336705.0,A,G,Missense (ML),,,0.11559374586411797,2.0114054e-05,False,0.50150340795517,0.004735619,0.202,-0.9239,0.0170,0.106,0.0677,0.237474858761,-1.443584,0.006,2.6225583916380804,-0.439689,-1.85967324670478,Resolved via dbNSFP MANE-Select match; protein consequence p.Met784Val confirmed exactly
Akilzhanova 2013 (CAJGH),BRCA2,NM_000059.4,c.2410G>A,D804N (paper) vs p.Glu804Lys (dbNSFP),Missense,"Likely benign (neutral polymorphism, >30% freq)",0.0,13,32336765.0,G,A,Missense (ML),,,,,True,0.149728834629059,0.11584994,0.232,-1.0568,0.0870,0.314,0.0709,0.292518615723,0.275891,3.015,,-0.334152,-0.889424204512421,"MISMATCH: dbNSFP gives coordinate chr13-32336765-G-A for c.2410G>A but computes protein consequence p.Glu804Lys, not the paper's p.Asp804Asn -- same residue number (804) but different resulting amino acid. Coordinate provided for reference only; do not treat as confirmed."
Zhunussova 2023 (Oncotarget),BRCA2,NM_000059.4,c.2808_2811del,p.Ala936Profs*21,Frameshift,Pathogenic,1.0,13,32337160.0,TAAAC,T,LOF (rule-based),,1.0,,,True,,,,,,,,,,,,,,"MINOR MISMATCH: VariantValidator (NM_000059.4:c.2808_2811del) gives coordinate chr13-32337160-TAAAC-T but computes protein consequence p.(Ala938Profs*21) -- residue number off by 2 from the paper's p.Ala936Profs*21 (same substitution and frameshift length otherwise). Likely a minor numbering-convention artifact rather than a different variant, but not independently confirmed -- verify before using as exact ground truth."
Zhunussova 2023 (Oncotarget),BRCA2,NM_000059.4,c.6058G>T,p.Glu2020Ter,Nonsense,Pathogenic,1.0,13,32340413.0,G,T,LOF (rule-based),,1.0,,,False,,,,,,,,,,,,,,Resolved via dbNSFP MANE-Select match; protein consequence p.Glu2020Ter confirmed exactly
Akilzhanova 2013 (CAJGH),BRCA2,NM_000059.4,c.10234A>G,I3412V,Missense,"Likely benign (neutral polymorphism, >30% freq)",0.0,13,32398747.0,A,G,Missense (ML),,,0.11559083021544429,1.1345665e-05,False,0.000571329991201891,0.0017527342,0.028,-0.9320,0.0000,0.02,0.0628,0.241998493671,-0.210966,0.466,3.327556133270264,-0.751347,-1.34369148136075,Resolved via dbNSFP MANE-Select match; protein consequence p.Ile3412Val confirmed exactly
Zhunussova 2023 (Oncotarget),BRCA2,NM_000059.4,c.6468_6469delTC,p.Gln2157Ilefs*9,Frameshift,Pathogenic,1.0,13,32340816.0,ATC,A,LOF (rule-based),,1.0,,,True,,,,,,,,,,,,,,"MISMATCH: VariantValidator (NM_000059.4:c.6468_6469del) gives coordinate chr13-32340816-ATC-A; substitution matches (Gln2157Ile) but computed frameshift stop is p.(Gln2157IlefsTer18), not fs*9 as the paper reports. Verify against original paper before using as ground truth."
Zhunussova 2023 (Oncotarget),BRCA2,NM_000059.4,c.7567_7568del,p.Trp2723fs,Frameshift,Pathogenic,1.0,13,32356553.0,ATC,A,LOF (rule-based),,1.0,,,True,,,,,,,,,,,,,,"MAJOR MISMATCH: VariantValidator (NM_000059.4:c.7567_7568del) gives coordinate chr13-32356553-ATC-A but computes protein consequence p.(Leu2523GlufsTer15) -- completely different residue number and amino acid than the paper's vague 'p.Trp2723fs'. Do not treat this coordinate as confirmed; needs direct re-check against the original paper/Figure 3, possible transcription error in the CSV or paper."
Zhunussova 2023 (Oncotarget),BRCA2,NM_000059.4,c.8174G>A,p.Trp2725Ter,Nonsense,Pathogenic,1.0,13,32363376.0,G,A,LOF (rule-based),,1.0,,,False,,,,,,,,,,,,,,Resolved via dbNSFP MANE-Select match; protein consequence p.Trp2725Ter confirmed exactly
Zhunussova 2023 (Oncotarget),BRCA2,NM_000059.4,c.9253del,p.Thr3085Glnfs*19,Frameshift,Pathogenic,1.0,13,32380135.0,GA,G,LOF (rule-based),,1.0,,,False,,,,,,,,,,,,,,Resolved via VariantValidator (NM_000059.4:c.9253del); protein consequence p.(Thr3085Glnfs*19) confirmed exactly
Zhunussova 2023 (Oncotarget),BRCA2,NM_000059.4,c.9409dup,p.Thr3137Asnfs*13,Frameshift,Pathogenic,1.0,13,32394840.0,T,TA,LOF (rule-based),,1.0,,,False,,,,,,,,,,,,,,Resolved via VariantValidator (NM_000059.4:c.9409dup); protein consequence p.(Thr3137Asnfs*13) confirmed exactly
Samigatova 2026 (Sci Reports),BRCA1,NM_007294.4,c.5381_5382insC,p.Glu1794Aspfs*36,Frameshift,Pathogenic,1.0,17,43049145.0,C,CG,LOF (rule-based),,1.0,,,False,,,,,,,,,,,,,,Table 3; hg38 coordinate + transcript provided in paper
Samigatova 2026 (Sci Reports),BRCA1,NM_007294.4,c.4065_4068del,p.Asn1355Lysfs*10,Frameshift,Pathogenic,1.0,17,43091462.0,CTTGA,C,LOF (rule-based),,1.0,,,False,,,,,,,,,,,,,,Table 3; hg38 coordinate + transcript provided in paper
Samigatova 2026 (Sci Reports),BRCA1,NM_007294.4,c.470_471del,p.Ser157*,Frameshift,Pathogenic,1.0,17,43099850.0,TAG,T,LOF (rule-based),,1.0,,,False,,,,,,,,,,,,,,Table 3; hg38 coordinate + transcript provided in paper
Samigatova 2026 (Sci Reports),BRCA1,NM_007294.4,c.5277+1G>A,"(splice, intron 19)",Splice-site,Pathogenic,1.0,17,43057051.0,C,T,LOF (rule-based),,1.0,,,False,,,,,,,,,,,,,,Table 3; hg38 coordinate + transcript provided in paper
Samigatova 2026 (Sci Reports),BRCA1,NM_007294.4,c.3607C>T,p.Arg1203*,Nonsense,Pathogenic,1.0,17,43091924.0,G,A,LOF (rule-based),,1.0,,,False,,,,,,,,,,,,,,Table 3; hg38 coordinate + transcript provided in paper
Samigatova 2026 (Sci Reports),BRCA1,NM_007294.4,c.3214del,p.Leu1072*,Frameshift,Pathogenic,1.0,17,43092316.0,AG,A,LOF (rule-based),,1.0,,,False,,,,,,,,,,,,,,Table 3; hg38 coordinate + transcript provided in paper
Samigatova 2026 (Sci Reports),BRCA1,NM_007294.4,c.981_982del,p.Cys328*,Frameshift,Pathogenic,1.0,17,43094548.0,CAT,C,LOF (rule-based),,1.0,,,False,,,,,,,,,,,,,,Table 3; hg38 coordinate + transcript provided in paper
Samigatova 2026 (Sci Reports),BRCA1,NM_007294.4,c.4294del,p.Ile1432Serfs*2,Frameshift,Pathogenic,1.0,17,43082466.0,AT,A,LOF (rule-based),,1.0,,,False,,,,,,,,,,,,,,Table 3; hg38 coordinate + transcript provided in paper
Samigatova 2026 (Sci Reports),BRCA1,NM_007294.4,c.1044_1045ins,p.Glu349Argfs*7,Frameshift,Pathogenic,1.0,17,43094486.0,C,CG,LOF (rule-based),,1.0,,,False,,,,,,,,,,,,,,Table 3; hg38 coordinate + transcript provided in paper
Samigatova 2026 (Sci Reports),BRCA1,NM_007294.4,c.5470_5477del,p.Ile1824Aspfs*3,Frameshift,Pathogenic,1.0,17,43045792.0,CTGCCCAAT,C,LOF (rule-based),,1.0,,,False,,,,,,,,,,,,,,Table 3; hg38 coordinate + transcript provided in paper
Samigatova 2026 (Sci Reports),BRCA2,NM_000059.4,c.24_27delinsCG,p.Arg8Serfs*5,Frameshift,Pathogenic,1.0,13,32316484.0,GCCA,CG,LOF (rule-based),,1.0,,,False,,,,,,,,,,,,,,Table 3; hg38 coordinate + transcript provided in paper
Samigatova 2026 (Sci Reports),BRCA2,NM_000059.4,(large deletion),exon 16 loss,Large deletion/CNV,Pathogenic,1.0,,,,,Excluded,No resolvable hg38 coordinate,,,,,,,,,,,,,,,,,,Table 3; hg38 coordinate + transcript provided in paper
Samigatova 2026 (Sci Reports),BRCA2,NM_000059.4,c.3860del,p.Asn1287Ilefs*6,Frameshift,Pathogenic,1.0,13,32338208.0,GA,G,LOF (rule-based),,1.0,,,False,,,,,,,,,,,,,,Table 3; hg38 coordinate + transcript provided in paper
Samigatova 2026 (Sci Reports),BRCA2,NM_000059.4,c.67+3A>G,"(splice, intron 2)",Splice-site,Pathogenic,1.0,13,32316530.0,A,G,LOF (rule-based),,1.0,,,False,,,,,,,,,,,,,,Table 3; hg38 coordinate + transcript provided in paper
Samigatova 2026 (Sci Reports),BRCA2,NM_000059.4,c.2600_2601insA,p.Thr868Tyrfs*13,Frameshift,Pathogenic,1.0,13,32336955.0,C,CA,LOF (rule-based),,1.0,,,False,,,,,,,,,,,,,,Table 3; hg38 coordinate + transcript provided in paper
Samigatova 2026 (Sci Reports),BRCA2,NM_000059.4,c.9241_9242insA,p.Val3081Aspfs*30,Frameshift,Pathogenic,1.0,13,32380130.0,G,GA,LOF (rule-based),,1.0,,,False,,,,,,,,,,,,,,Table 3; hg38 coordinate + transcript provided in paper
Samigatova 2026 (Sci Reports),BRCA2,NM_000059.4,c.3744_3747del,p.Ser1248Argfs*10,Frameshift,Pathogenic,1.0,13,32338096.0,TAGTG,T,LOF (rule-based),,1.0,,,False,,,,,,,,,,,,,,Table 3; hg38 coordinate + transcript provided in paper
Samigatova 2026 (Sci Reports),BRCA2,NM_000059.4,c.7008-2A>T,"(splice, intron 13)",Splice-site,Pathogenic,1.0,13,32354859.0,A,T,LOF (rule-based),,1.0,,,False,,,,,,,,,,,,,,Table 3; hg38 coordinate + transcript provided in paper
Samigatova 2026 (Sci Reports),BRCA2,NM_000059.4,c.2557C>T,p.Gln853*,Nonsense,Pathogenic,1.0,13,32336912.0,C,T,LOF (rule-based),,1.0,,,False,,,,,,,,,,,,,,Table 3; hg38 coordinate + transcript provided in paper
Samigatova 2026 (Sci Reports),BRCA2,NM_000059.4,c.517-1G>A,"(splice, intron 6)",Splice-site,Pathogenic,1.0,13,32326498.0,G,A,LOF (rule-based),,1.0,,,False,,,,,,,,,,,,,,Table 3; hg38 coordinate + transcript provided in paper
Akilzhanova 2013 (CAJGH),BRCA1,NM_007294.4,c.95G>T,G32V,Missense,"Likely benign (neutral polymorphism, >30% freq)",0.0,,,,,Excluded,No resolvable hg38 coordinate,,,,,,,,,,,,,,,,,,"VariantValidator ReferenceMismatchError: paper's reference base (G) does not agree with NM_007294.4 reference sequence (A) at this position. Strong evidence this 2013 paper uses a legacy/older BRCA1 numbering convention, not current RefSeq. Needs manual reconciliation (e.g. via BIC legacy-to-RefSeq conversion table) before use."
Akilzhanova 2013 (CAJGH),BRCA1,NM_007294.4,c.3348A>G,K1183R (paper) vs p.Val1116= (VariantValidator),Missense,"Likely benign (neutral polymorphism, >30% freq)",0.0,17,43092183.0,T,C,Excluded,Reference CSV notes: do not use this coordinate,,,,,,,,,,,,,,,,,,"MAJOR MISMATCH: VariantValidator (NM_007294.4:c.3348A>G) computes this as SYNONYMOUS (p.(Val1116=)), not the paper's missense p.Lys1183Arg -- different residue number (1116 vs 1183) AND different consequence type entirely (synonymous vs missense). Strong evidence of legacy numbering mismatch in this 2013 paper. Do not use this coordinate; needs full manual reconciliation."
Akilzhanova 2013 (CAJGH),BRCA1,NM_007294.4,c.4744C>G,S1542C,Missense,VUS,,,,,,Excluded,No resolvable hg38 coordinate,,,,,,,,,,,,,,,,,,VariantValidator ReferenceMismatchError: paper's reference base (C) does not agree with NM_007294.4 reference sequence (G) at this position. Same legacy-numbering pattern as other Akilzhanova 2013 entries. Needs manual reconciliation.
Akilzhanova 2013 (CAJGH),BRCA1,NM_007294.4,c.5397A>G,A1627G,Missense,VUS,,,,,,Excluded,No resolvable hg38 coordinate,,,,,,,,,,,,,,,,,,VariantValidator ReferenceMismatchError: paper's reference base (A) does not agree with NM_007294.4 reference sequence (C) at this position. Same legacy-numbering pattern as other Akilzhanova 2013 entries. Needs manual reconciliation.
Akilzhanova 2013 (CAJGH),BRCA1,NM_007294.4,c.5585T>G,T1862G,Missense,VUS,,,,,,Excluded,No resolvable hg38 coordinate,,,,,,,,,,,,,,,,,,VariantValidator ReferenceMismatchError: paper's reference base (T) does not agree with NM_007294.4 reference sequence (A) at this position. Same legacy-numbering pattern as other Akilzhanova 2013 entries. Needs manual reconciliation.
Akilzhanova 2013 (CAJGH),BRCA2,NM_000059.4,c.2127T>C,(synonymous),Synonymous,"Likely benign (neutral polymorphism, >30% freq)",0.0,,,,,Excluded,No resolvable hg38 coordinate,,,,,,,,,,,,,,,,,,VariantValidator ReferenceMismatchError: paper's reference base (T) does not agree with NM_000059.4 reference sequence (G) at this position. Also outside dbNSFP's scope (synonymous variants are not included in dbNSFP by design). Needs manual reconciliation.
Akilzhanova 2013 (CAJGH),BRCA2,NM_000059.4,c.3422T>C,I1141T,Missense,VUS,,,,,,Excluded,No resolvable hg38 coordinate,,,,,,,,,,,,,,,,,,VariantValidator ReferenceMismatchError: paper's reference base (T) does not agree with NM_000059.4 reference sequence (C) at this position. Same legacy-numbering pattern as other Akilzhanova 2013 entries. Needs manual reconciliation.
Akilzhanova 2013 (CAJGH),BRCA2,NM_000059.4,c.3572C>T,S1191F,Missense,VUS,,,,,,Excluded,No resolvable hg38 coordinate,,,,,,,,,,,,,,,,,,VariantValidator ReferenceMismatchError: paper's reference base (C) does not agree with NM_000059.4 reference sequence (A) at this position. Same legacy-numbering pattern as other Akilzhanova 2013 entries. Needs manual reconciliation.
