source_paper,gene,transcript,hg38_coordinate,cdna_hgvs,protein_change,variant_type,clinical_significance,occurrence_or_ncases,ready_to_use,notes
Zhunussova 2023 (Oncotarget),BRCA1,NM_007294.4,chr17-43124095-A-G,c.2T>C,p.Met1?,Start-loss,Pathogenic,Recurrent (3 patients),YES (hg38 resolved),"Resolved via dbNSFP MANE-Select match; protein consequence p.Met1? confirmed exactly"
Zhunussova 2023 (Oncotarget),BRCA1,NM_007294.4,chr17-43106487-A-C,c.181T>G,p.Cys61Gly,Missense,Pathogenic,Known BRCT/RING PV,YES (hg38 resolved),"Resolved via dbNSFP MANE-Select match; protein consequence confirmed exactly; ALSO independently confirmed -- this is the exact same coordinate as Samigatova 2026's own row for this variant (chr17-43106487-A-C)"
Zhunussova 2023 (Oncotarget),BRCA1,NM_007294.4,chr17-43093032-CA-C,c.2498delT,p.Leu833Trpfs*13,Frameshift,Pathogenic,NOVEL; 2 patients (TNBC),YES (hg38 resolved),"Resolved via VariantValidator (NM_007294.4:c.2498del); protein consequence p.(Leu833Trpfs*13) confirmed exactly"
Zhunussova 2023 (Oncotarget),BRCA1,NM_007294.4,,c.5138-1G>C,(splice acceptor),Splice-site,Pathogenic,Single patient,UNRESOLVED,"VariantValidator returned ExonBoundaryError: 'Position c.5138-1 does not correspond with an exon boundary for transcript NM_007294.4'. Needs manual check -- possibly a transcript-version or intron-numbering mismatch in the source paper. Do not use until resolved."
Zhunussova 2023 (Oncotarget),BRCA1,NM_007294.4,chr17-43063365-G-A,c.5161C>T,p.Gln1721Ter,Nonsense,Pathogenic,Single patient,YES (hg38 resolved),"Resolved via dbNSFP MANE-Select match; protein consequence p.Gln1721Ter confirmed exactly"
Zhunussova 2023 (Oncotarget),BRCA1,NM_007294.4,chr17-43057062-T-TG,c.5266dupC,p.Gln1756Profs*74,Frameshift,Pathogenic,FOUNDER; 6 patients (2.7%),YES (hg38 resolved),"Resolved via VariantValidator (NM_007294.4:c.5266dup); protein consequence p.(Gln1756ProfsTer74) confirmed exactly"
Zhunussova 2023 (Oncotarget),BRCA1,NM_007294.4,chr17-43051118-CT-C,c.5278-2del,(splice acceptor),Splice-site,Pathogenic,FOUNDER; 6 patients (2.7%),YES (hg38 resolved),"Resolved via VariantValidator (NM_007294.4:c.5278-2del); protein consequence reported as p.? (uncertain), consistent with an intronic splice-acceptor variant -- expected, not an error"
Zhunussova 2023 (Oncotarget),BRCA1,NM_007294.4,chr17-43047642-C-T,c.5467+1G>A,(splice donor),Splice-site,Pathogenic,Single patient,YES (hg38 resolved),"Resolved via dbNSFP MANE-Select match (position confirmed; dbNSFP has no protein prediction for this splice-donor variant, as expected)"
Zhunussova 2023 (Oncotarget),BRCA2,NM_000059.4,chr13-32336794-TC-T,c.2442delC,p.Met815Profs*35,Frameshift,Pathogenic,Single patient,NEEDS VERIFICATION,"MISMATCH: VariantValidator (NM_000059.4:c.2442del) gives coordinate chr13-32336794-TC-T but computes protein consequence p.(Met815Trpfs*10) -- disagrees with the paper's reported p.Met815Profs*35 (different substituted residue AND different frameshift length). Coordinate provided for reference only; verify against original paper/Figure 3 before using as ground truth."
Zhunussova 2023 (Oncotarget),BRCA2,NM_000059.4,chr13-32337160-TAAAC-T,c.2808_2811del,p.Ala936Profs*21,Frameshift,Pathogenic,Recurrent (2 patients),NEEDS VERIFICATION,"MINOR MISMATCH: VariantValidator (NM_000059.4:c.2808_2811del) gives coordinate chr13-32337160-TAAAC-T but computes protein consequence p.(Ala938Profs*21) -- residue number off by 2 from the paper's p.Ala936Profs*21 (same substitution and frameshift length otherwise). Likely a minor numbering-convention artifact rather than a different variant, but not independently confirmed -- verify before using as exact ground truth."
Zhunussova 2023 (Oncotarget),BRCA2,NM_000059.4,chr13-32340413-G-T,c.6058G>T,p.Glu2020Ter,Nonsense,Pathogenic,Single patient,YES (hg38 resolved),"Resolved via dbNSFP MANE-Select match; protein consequence p.Glu2020Ter confirmed exactly"
Zhunussova 2023 (Oncotarget),BRCA2,NM_000059.4,chr13-32340816-ATC-A,c.6468_6469delTC,p.Gln2157Ilefs*9,Frameshift,Pathogenic,Single patient,NEEDS VERIFICATION,"MISMATCH: VariantValidator (NM_000059.4:c.6468_6469del) gives coordinate chr13-32340816-ATC-A; substitution matches (Gln2157Ile) but computed frameshift stop is p.(Gln2157IlefsTer18), not fs*9 as the paper reports. Verify against original paper before using as ground truth."
Zhunussova 2023 (Oncotarget),BRCA2,NM_000059.4,chr13-32356553-ATC-A,c.7567_7568del,p.Trp2723fs,Frameshift,Pathogenic,Recurrent (2 patients),NEEDS VERIFICATION,"MAJOR MISMATCH: VariantValidator (NM_000059.4:c.7567_7568del) gives coordinate chr13-32356553-ATC-A but computes protein consequence p.(Leu2523GlufsTer15) -- completely different residue number and amino acid than the paper's vague 'p.Trp2723fs'. Do not treat this coordinate as confirmed; needs direct re-check against the original paper/Figure 3, possible transcription error in the CSV or paper."
Zhunussova 2023 (Oncotarget),BRCA2,NM_000059.4,chr13-32363376-G-A,c.8174G>A,p.Trp2725Ter,Nonsense,Pathogenic,Single patient,YES (hg38 resolved),"Resolved via dbNSFP MANE-Select match; protein consequence p.Trp2725Ter confirmed exactly"
Zhunussova 2023 (Oncotarget),BRCA2,NM_000059.4,chr13-32380135-GA-G,c.9253del,p.Thr3085Glnfs*19,Frameshift,Pathogenic,FOUNDER; 3 patients,YES (hg38 resolved),"Resolved via VariantValidator (NM_000059.4:c.9253del); protein consequence p.(Thr3085Glnfs*19) confirmed exactly"
Zhunussova 2023 (Oncotarget),BRCA2,NM_000059.4,chr13-32394840-T-TA,c.9409dup,p.Thr3137Asnfs*13,Frameshift,Pathogenic,FOUNDER; 3 patients,YES (hg38 resolved),"Resolved via VariantValidator (NM_000059.4:c.9409dup); protein consequence p.(Thr3137Asnfs*13) confirmed exactly"
Samigatova 2026 (Sci Reports),BRCA1,NM_007294.4,chr17-43049145-C-CG,c.5381_5382insC,p.Glu1794Aspfs*36,Frameshift,Pathogenic,12,YES (hg38 provided),Table 3; hg38 coordinate + transcript provided in paper
Samigatova 2026 (Sci Reports),BRCA1,NM_007294.4,chr17-43091462-CTTGA-C,c.4065_4068del,p.Asn1355Lysfs*10,Frameshift,Pathogenic,1,YES (hg38 provided),Table 3; hg38 coordinate + transcript provided in paper
Samigatova 2026 (Sci Reports),BRCA1,NM_007294.4,chr17-43099850-TAG-T,c.470_471del,p.Ser157*,Frameshift,Pathogenic,1,YES (hg38 provided),Table 3; hg38 coordinate + transcript provided in paper
Samigatova 2026 (Sci Reports),BRCA1,NM_007294.4,chr17-43057051-C-T,c.5277+1G>A,"(splice, intron 19)",Splice-site,Pathogenic,3,YES (hg38 provided),Table 3; hg38 coordinate + transcript provided in paper
Samigatova 2026 (Sci Reports),BRCA1,NM_007294.4,chr17-43091924-G-A,c.3607C>T,p.Arg1203*,Nonsense,Pathogenic,2,YES (hg38 provided),Table 3; hg38 coordinate + transcript provided in paper
Samigatova 2026 (Sci Reports),BRCA1,NM_007294.4,chr17-43092316-AG-A,c.3214del,p.Leu1072*,Frameshift,Pathogenic,4,YES (hg38 provided),Table 3; hg38 coordinate + transcript provided in paper
Samigatova 2026 (Sci Reports),BRCA1,NM_007294.4,chr17-43094548-CAT-C,c.981_982del,p.Cys328*,Frameshift,Pathogenic,5,YES (hg38 provided),Table 3; hg38 coordinate + transcript provided in paper
Samigatova 2026 (Sci Reports),BRCA1,NM_007294.4,chr17-43082466-AT-A,c.4294del,p.Ile1432Serfs*2,Frameshift,Pathogenic,1,YES (hg38 provided),Table 3; hg38 coordinate + transcript provided in paper
Samigatova 2026 (Sci Reports),BRCA1,NM_007294.4,chr17-43094486-C-CG,c.1044_1045ins,p.Glu349Argfs*7,Frameshift,Pathogenic,1,YES (hg38 provided),Table 3; hg38 coordinate + transcript provided in paper
Samigatova 2026 (Sci Reports),BRCA1,NM_007294.4,chr17-43045792-CTGCCCAAT-C,c.5470_5477del,p.Ile1824Aspfs*3,Frameshift,Pathogenic,4,YES (hg38 provided),Table 3; hg38 coordinate + transcript provided in paper
Samigatova 2026 (Sci Reports),BRCA1,NM_007294.4,chr17-43106487-A-C,c.181T>G,p.Cys61Gly,Missense,Likely pathogenic,1,YES (hg38 provided),Table 3; hg38 coordinate + transcript provided in paper
Samigatova 2026 (Sci Reports),BRCA2,NM_000059.4,chr13-32316484-GCCA-CG,c.24_27delinsCG,p.Arg8Serfs*5,Frameshift,Pathogenic,2,YES (hg38 provided),Table 3; hg38 coordinate + transcript provided in paper
Samigatova 2026 (Sci Reports),BRCA2,NM_000059.4,(exon 16 loss),(large deletion),exon 16 loss,Large deletion/CNV,Pathogenic,6,convert (large deletion/CNV),Table 3; hg38 coordinate + transcript provided in paper
Samigatova 2026 (Sci Reports),BRCA2,NM_000059.4,chr13-32338208-GA-G,c.3860del,p.Asn1287Ilefs*6,Frameshift,Pathogenic,1,YES (hg38 provided),Table 3; hg38 coordinate + transcript provided in paper
Samigatova 2026 (Sci Reports),BRCA2,NM_000059.4,chr13-32316530-A-G,c.67+3A>G,"(splice, intron 2)",Splice-site,Pathogenic,1,YES (hg38 provided),Table 3; hg38 coordinate + transcript provided in paper
Samigatova 2026 (Sci Reports),BRCA2,NM_000059.4,chr13-32336955-C-CA,c.2600_2601insA,p.Thr868Tyrfs*13,Frameshift,Pathogenic,3,YES (hg38 provided),Table 3; hg38 coordinate + transcript provided in paper
Samigatova 2026 (Sci Reports),BRCA2,NM_000059.4,chr13-32380130-G-GA,c.9241_9242insA,p.Val3081Aspfs*30,Frameshift,Pathogenic,2,YES (hg38 provided),Table 3; hg38 coordinate + transcript provided in paper
Samigatova 2026 (Sci Reports),BRCA2,NM_000059.4,chr13-32338096-TAGTG-T,c.3744_3747del,p.Ser1248Argfs*10,Frameshift,Pathogenic,1,YES (hg38 provided),Table 3; hg38 coordinate + transcript provided in paper
Samigatova 2026 (Sci Reports),BRCA2,NM_000059.4,chr13-32326613-G-A,c.631G>A,p.Val211Ile,Missense,Likely pathogenic,1,YES (hg38 provided),Table 3; hg38 coordinate + transcript provided in paper
Samigatova 2026 (Sci Reports),BRCA2,NM_000059.4,chr13-32354859-A-T,c.7008-2A>T,"(splice, intron 13)",Splice-site,Pathogenic,1,YES (hg38 provided),Table 3; hg38 coordinate + transcript provided in paper
Samigatova 2026 (Sci Reports),BRCA2,NM_000059.4,chr13-32336912-C-T,c.2557C>T,p.Gln853*,Nonsense,Pathogenic,1,YES (hg38 provided),Table 3; hg38 coordinate + transcript provided in paper
Samigatova 2026 (Sci Reports),BRCA2,NM_000059.4,chr13-32326498-G-A,c.517-1G>A,"(splice, intron 6)",Splice-site,Pathogenic,1,YES (hg38 provided),Table 3; hg38 coordinate + transcript provided in paper
Akilzhanova 2013 (CAJGH),BRCA1,NM_007294.4,,c.95G>T,G32V,Missense,"Likely benign (neutral polymorphism, >30% freq)",,UNRESOLVED,"VariantValidator ReferenceMismatchError: paper's reference base (G) does not agree with NM_007294.4 reference sequence (A) at this position. Strong evidence this 2013 paper uses a legacy/older BRCA1 numbering convention, not current RefSeq. Needs manual reconciliation (e.g. via BIC legacy-to-RefSeq conversion table) before use."
Akilzhanova 2013 (CAJGH),BRCA1,NM_007294.4,chr17-43104915-T-C,c.254A>G,p.Glu85Gly (dbNSFP) vs paper's N85S,Missense,"Likely benign (neutral polymorphism, >30% freq)",,NEEDS VERIFICATION,"MISMATCH: dbNSFP gives coordinate chr17-43104915-T-C for c.254A>G but computes protein consequence p.Glu85Gly, not the paper's p.Asn85Ser -- same residue number (85) but a different resulting amino acid. Coordinate provided for reference only; do not treat as confirmed."
Akilzhanova 2013 (CAJGH),BRCA1,NM_007294.4,chr17-43094464-T-C,c.1067A>G,Q356R,Missense,VUS,,YES (hg38 resolved),"Resolved via dbNSFP MANE-Select match; protein consequence p.Gln356Arg confirmed exactly"
Akilzhanova 2013 (CAJGH),BRCA1,NM_007294.4,chr17-43092919-G-A,c.2612C>T,P871L,Missense,"Likely benign (neutral polymorphism, >30% freq)",,YES (hg38 resolved),"Resolved via dbNSFP MANE-Select match; protein consequence p.Pro871Leu confirmed exactly"
Akilzhanova 2013 (CAJGH),BRCA1,NM_007294.4,chr17-43092418-T-C,c.3113A>G,E1038G,Missense,"Likely benign (neutral polymorphism, >30% freq)",,YES (hg38 resolved),"Resolved via dbNSFP MANE-Select match; protein consequence p.Glu1038Gly confirmed exactly"
Akilzhanova 2013 (CAJGH),BRCA1,NM_007294.4,chr17-43092183-T-C,c.3348A>G,K1183R (paper) vs p.Val1116= (VariantValidator),Missense,"Likely benign (neutral polymorphism, >30% freq)",,UNRESOLVED,"MAJOR MISMATCH: VariantValidator (NM_007294.4:c.3348A>G) computes this as SYNONYMOUS (p.(Val1116=)), not the paper's missense p.Lys1183Arg -- different residue number (1116 vs 1183) AND different consequence type entirely (synonymous vs missense). Strong evidence of legacy numbering mismatch in this 2013 paper. Do not use this coordinate; needs full manual reconciliation."
Akilzhanova 2013 (CAJGH),BRCA1,NM_007294.4,,c.4744C>G,S1542C,Missense,VUS,,UNRESOLVED,"VariantValidator ReferenceMismatchError: paper's reference base (C) does not agree with NM_007294.4 reference sequence (G) at this position. Same legacy-numbering pattern as other Akilzhanova 2013 entries. Needs manual reconciliation."
Akilzhanova 2013 (CAJGH),BRCA1,NM_007294.4,,c.5397A>G,A1627G,Missense,VUS,,UNRESOLVED,"VariantValidator ReferenceMismatchError: paper's reference base (A) does not agree with NM_007294.4 reference sequence (C) at this position. Same legacy-numbering pattern as other Akilzhanova 2013 entries. Needs manual reconciliation."
Akilzhanova 2013 (CAJGH),BRCA1,NM_007294.4,,c.5585T>G,T1862G,Missense,VUS,,UNRESOLVED,"VariantValidator ReferenceMismatchError: paper's reference base (T) does not agree with NM_007294.4 reference sequence (A) at this position. Same legacy-numbering pattern as other Akilzhanova 2013 entries. Needs manual reconciliation."
Akilzhanova 2013 (CAJGH),BRCA2,NM_000059.4,chr13-32332343-A-C,c.865A>C,N289H,Missense,VUS,,YES (hg38 resolved),"Resolved via dbNSFP MANE-Select match; protein consequence p.Asn289His confirmed exactly"
Akilzhanova 2013 (CAJGH),BRCA2,NM_000059.4,chr13-32336705-A-G,c.2350A>G,M784V,Missense,VUS,,YES (hg38 resolved),"Resolved via dbNSFP MANE-Select match; protein consequence p.Met784Val confirmed exactly"
Akilzhanova 2013 (CAJGH),BRCA2,NM_000059.4,chr13-32336765-G-A,c.2410G>A,D804N (paper) vs p.Glu804Lys (dbNSFP),Missense,"Likely benign (neutral polymorphism, >30% freq)",,NEEDS VERIFICATION,"MISMATCH: dbNSFP gives coordinate chr13-32336765-G-A for c.2410G>A but computes protein consequence p.Glu804Lys, not the paper's p.Asp804Asn -- same residue number (804) but different resulting amino acid. Coordinate provided for reference only; do not treat as confirmed."
Akilzhanova 2013 (CAJGH),BRCA2,NM_000059.4,,c.2127T>C,(synonymous),Synonymous,"Likely benign (neutral polymorphism, >30% freq)",,UNRESOLVED,"VariantValidator ReferenceMismatchError: paper's reference base (T) does not agree with NM_000059.4 reference sequence (G) at this position. Also outside dbNSFP's scope (synonymous variants are not included in dbNSFP by design). Needs manual reconciliation."
Akilzhanova 2013 (CAJGH),BRCA2,NM_000059.4,,c.3422T>C,I1141T,Missense,VUS,,UNRESOLVED,"VariantValidator ReferenceMismatchError: paper's reference base (T) does not agree with NM_000059.4 reference sequence (C) at this position. Same legacy-numbering pattern as other Akilzhanova 2013 entries. Needs manual reconciliation."
Akilzhanova 2013 (CAJGH),BRCA2,NM_000059.4,,c.3572C>T,S1191F,Missense,VUS,,UNRESOLVED,"VariantValidator ReferenceMismatchError: paper's reference base (C) does not agree with NM_000059.4 reference sequence (A) at this position. Same legacy-numbering pattern as other Akilzhanova 2013 entries. Needs manual reconciliation."
Akilzhanova 2013 (CAJGH),BRCA2,NM_000059.4,chr13-32398747-A-G,c.10234A>G,I3412V,Missense,"Likely benign (neutral polymorphism, >30% freq)",,YES (hg38 resolved),"Resolved via dbNSFP MANE-Select match; protein consequence p.Ile3412Val confirmed exactly"
